	id	ticker	enter	sl	tp	close	pre_score	Date_start	Date_end	type_open_close 	time_take	dolars_earn	earn	comment	name	sl1	tp1	tp2	tp3	current_date
0	AAPL_20240304	AAPL	176.15	168.692	1761.5	0	1.692	2024-03-04		open	-	0	0.0	start 2024_03_04	x	512.285	196.493	405.266	685.97	2024-03-04
0	AAPL_20240304	AAPL	176.15	168.595	1761.5	0	1.692	2024-03-04		open	-	0	0.0	start 2024_03_04	x	512.212	196.465	405.209	685.873	2024-03-04
0	AAPL_20240304	AAPL	176.15	168.836	1761.5	0	1.692	2024-03-04		open	-	0	0.0	start 2024_03_04	x	512.394	196.535	405.353	686.117	2024-03-04
0	AAPL_20240304	AAPL	176.15	168.798	1761.5	0	1.692	2024-03-04		open	-	0	0.0	start 2024_03_04	x	512.365	196.524	405.33	686.078	2024-03-04
0	AAPL_20240304	AAPL	176.15	168.865	1761.5	0	1.692	2024-03-04		open	-	0	0.0	start 2024_03_04	x	512.416	196.543	405.37	686.146	2024-03-04
0	AAPL_20240304	AAPL	176.15	168.586	1761.5	0	1.692	2024-03-04		open	-	0	0.0	start 2024_03_04	x	512.205	196.462	405.203	685.863	2024-03-04
0	AAPL_20240304	AAPL	176.15	168.972	1761.5	0	1.692	2024-03-04		open	-	0	0.0	start 2024_03_05	x	512.416	196.543	405.37	686.146	2024-03-04
0	AAPL_20240304	AAPL	176.15	168.972	1761.5	0	1.692	2024-03-04		open	-	0	0.0	start 2024_03_05	x	512.416	196.543	405.37	686.146	2024-03-04
0	AAPL_20240304	AAPL	176.15	168.972	1761.5	0	1.692	2024-03-04		open	-	0	0.0	start 2024_03_05	x	512.416	196.543	405.37	686.146	2024-03-04
0	AAPL_20240305	AAPL	170.76	163.963	1707.6	0	1.692	2024-03-05		open	-	0	0.0	start 2024_03_05	x	498.101	191.052	394.046	666.978	2024-03-05
0	AAPL_20240304	AAPL	176.15	168.972	1761.5	0	1.692	2024-03-04		open	-	0	0.0	start 2024_03_05	x	512.416	196.543	405.37	686.146	2024-03-04
0	AAPL_20240305	AAPL	170.76	164.166	1707.6	0	1.692	2024-03-05		open	-	0	0.0	start 2024_03_05	x	498.254	191.111	394.167	667.183	2024-03-05
0	AAPL_20240304	AAPL	176.15	168.972	1761.5	0	1.692	2024-03-04		open	-	0	0.0	start 2024_03_06	x	512.416	196.543	405.37	686.146	2024-03-04
0	AAPL_20240305	AAPL	170.76	164.166	1707.6	0	1.692	2024-03-05		open	-	0	0.0	start 2024_03_06	x	498.254	191.111	394.167	667.183	2024-03-05
0	AAPL_20240306	AAPL	171.06	163.818	1710.6	0	1.692	2024-03-06		open	-	0	0.0	start 2024_03_06	x	497.108	190.672	393.26	665.648	2024-03-06
0	AAPL_20240304	AAPL	176.15	168.972	1761.5	0	1.692	2024-03-04		open	-	0	0.0	start 2024_03_06	x	512.416	196.543	405.37	686.146	2024-03-04
0	AAPL_20240305	AAPL	170.76	164.166	1707.6	0	1.692	2024-03-05		open	-	0	0.0	start 2024_03_06	x	498.254	191.111	394.167	667.183	2024-03-05
0	AAPL_20240306	AAPL	171.06	163.259	1710.6	0	1.692	2024-03-06		open	-	0	0.0	start 2024_03_06	x	496.685	190.509	392.925	665.081	2024-03-06
0	AAPL_20240304	AAPL	176.15	168.972	1761.5	0	1.692	2024-03-04		open	-	0	0.0	start 2024_03_07	x	512.416	196.543	405.37	686.146	2024-03-04
0	AAPL_20240305	AAPL	170.76	164.166	1707.6	0	1.692	2024-03-05		open	-	0	0.0	start 2024_03_07	x	498.254	191.111	394.167	667.183	2024-03-05
0	AAPL_20240306	AAPL	171.06	163.201	1710.6	0	1.692	2024-03-06		open	-	0	0.0	start 2024_03_07	x	496.473	190.428	392.758	664.798	2024-03-06
0	AAPL_20240304	AAPL	176.15	168.972	1761.5	0	1.692	2024-03-04		open	-	0	0.0	start 2024_03_07	x	512.416	196.543	405.37	686.146	2024-03-04
0	AAPL_20240305	AAPL	170.76	164.166	1707.6	0	1.692	2024-03-05		open	-	0	0.0	start 2024_03_07	x	498.254	191.111	394.167	667.183	2024-03-05
0	AAPL_20240306	AAPL	171.06	163.201	1710.6	0	1.692	2024-03-06		open	-	0	0.0	start 2024_03_07	x	496.473	190.428	392.758	664.798	2024-03-06
0	AAPL_20240304	AAPL	176.15	168.972	1761.5	0	1.692	2024-03-04		open	-	0	0.0	start 2024_03_07	x	512.416	196.543	405.37	686.146	2024-03-04
0	AAPL_20240305	AAPL	170.76	164.166	1707.6	0	1.692	2024-03-05		open	-	0	0.0	start 2024_03_07	x	498.254	191.111	394.167	667.183	2024-03-05
0	AAPL_20240306	AAPL	171.06	163.201	1710.6	0	1.692	2024-03-06		open	-	0	0.0	start 2024_03_07	x	496.473	190.428	392.758	664.798	2024-03-06
0	AAPL_20240307	AAPL	169.15	163.317	1691.5	0	1.692	2024-03-07		open	-	0	0.0	start 2024_03_07	x	493.962	189.465	390.771	661.435	2024-03-07
0	AAPL_20240304	AAPL	176.15	168.972	1761.5	0	1.692	2024-03-04		open	-	0	0.0	start 2024_03_07	x	512.416	196.543	405.37	686.146	2024-03-04
0	AAPL_20240305	AAPL	170.76	164.166	1707.6	0	1.692	2024-03-05		open	-	0	0.0	start 2024_03_07	x	498.254	191.111	394.167	667.183	2024-03-05
0	AAPL_20240306	AAPL	171.06	163.201	1710.6	0	1.692	2024-03-06		open	-	0	0.0	start 2024_03_07	x	496.473	190.428	392.758	664.798	2024-03-06
0	AAPL_20240307	AAPL	169.15	163.085	1691.5	0	1.692	2024-03-07		open	-	0	0.0	start 2024_03_07	x	494.48	189.664	391.181	662.129	2024-03-07
0	AAPL_20240304	AAPL	176.15	168.972	1761.5	0	1.692	2024-03-04		open	-	0	0.0	start 2024_03_07	x	512.416	196.543	405.37	686.146	2024-03-04
0	AAPL_20240305	AAPL	170.76	164.166	1707.6	0	1.692	2024-03-05		open	-	0	0.0	start 2024_03_07	x	498.254	191.111	394.167	667.183	2024-03-05
0	AAPL_20240306	AAPL	171.06	163.201	1710.6	0	1.692	2024-03-06		open	-	0	0.0	start 2024_03_07	x	496.473	190.428	392.758	664.798	2024-03-06
0	AAPL_20240307	AAPL	169.15	163.085	1691.5	0	1.692	2024-03-07		open	-	0	0.0	start 2024_03_08	x	494.48	189.664	391.181	662.129	2024-03-07
0	AAPL_20240304	AAPL	176.15	168.972	1761.5	0	1.692	2024-03-04		open	-	0	0.0	start 2024_03_08	x	512.416	196.543	405.37	686.146	2024-03-04
0	AAPL_20240305	AAPL	170.76	164.166	1707.6	0	1.692	2024-03-05		open	-	0	0.0	start 2024_03_08	x	498.254	191.111	394.167	667.183	2024-03-05
0	AAPL_20240306	AAPL	171.06	163.201	1710.6	0	1.692	2024-03-06		open	-	0	0.0	start 2024_03_08	x	496.473	190.428	392.758	664.798	2024-03-06
0	AAPL_20240307	AAPL	169.15	163.085	1691.5	0	1.692	2024-03-07		open	-	0	0.0	start 2024_03_08	x	494.48	189.664	391.181	662.129	2024-03-07
0	AAPL_20240304	AAPL	176.15	168.972	1761.5	0	1.692	2024-03-04		open	-	0	0.0	start 2024_03_08	x	512.416	196.543	405.37	686.146	2024-03-04
0	AAPL_20240305	AAPL	170.76	164.166	1707.6	0	1.692	2024-03-05		open	-	0	0.0	start 2024_03_08	x	498.254	191.111	394.167	667.183	2024-03-05
0	AAPL_20240306	AAPL	171.06	163.201	1710.6	0	1.692	2024-03-06		open	-	0	0.0	start 2024_03_08	x	496.473	190.428	392.758	664.798	2024-03-06
0	AAPL_20240307	AAPL	169.15	163.085	1691.5	0	1.692	2024-03-07		open	-	0	0.0	start 2024_03_08	x	494.48	189.664	391.181	662.129	2024-03-07
0	AAPL_20240304	AAPL	176.15	168.972	1761.5	0	1.692	2024-03-04		open	-	0	0.0	start 2024_03_08	x	512.416	196.543	405.37	686.146	2024-03-04
0	AAPL_20240305	AAPL	170.76	164.166	1707.6	0	1.692	2024-03-05		open	-	0	0.0	start 2024_03_08	x	498.254	191.111	394.167	667.183	2024-03-05
0	AAPL_20240306	AAPL	171.06	163.201	1710.6	0	1.692	2024-03-06		open	-	0	0.0	start 2024_03_08	x	496.473	190.428	392.758	664.798	2024-03-06
0	AAPL_20240307	AAPL	169.15	163.085	1691.5	0	1.692	2024-03-07		open	-	0	0.0	start 2024_03_08	x	494.48	189.664	391.181	662.129	2024-03-07
0	AAPL_20240304	AAPL	176.15	168.972	1761.5	0	1.692	2024-03-04		open	-	0	0.0	start 2024_03_08	x	512.416	196.543	405.37	686.146	2024-03-04
0	AAPL_20240305	AAPL	170.76	164.166	1707.6	0	1.692	2024-03-05		open	-	0	0.0	start 2024_03_08	x	498.254	191.111	394.167	667.183	2024-03-05
0	AAPL_20240306	AAPL	171.06	163.201	1710.6	0	1.692	2024-03-06		open	-	0	0.0	start 2024_03_08	x	496.473	190.428	392.758	664.798	2024-03-06
0	AAPL_20240307	AAPL	169.15	163.085	1691.5	0	1.692	2024-03-07		open	-	0	0.0	start 2024_03_08	x	494.48	189.664	391.181	662.129	2024-03-07
0	AAPL_20240304	AAPL	176.15	168.972	1761.5	0	1.692	2024-03-04		open	-	0	0.0	start 2024_03_08	x	512.416	196.543	405.37	686.146	2024-03-04
0	AAPL_20240305	AAPL	170.76	164.166	1707.6	0	1.692	2024-03-05		open	-	0	0.0	start 2024_03_08	x	498.254	191.111	394.167	667.183	2024-03-05
0	AAPL_20240306	AAPL	171.06	163.201	1710.6	0	1.692	2024-03-06		open	-	0	0.0	start 2024_03_08	x	496.473	190.428	392.758	664.798	2024-03-06
0	AAPL_20240307	AAPL	169.15	163.085	1691.5	0	1.692	2024-03-07		open	-	0	0.0	start 2024_03_08	x	494.48	189.664	391.181	662.129	2024-03-07
0	AAPL_20240304	AAPL	176.15	168.972	1761.5	0	1.692	2024-03-04		open	-	0	0.0	start 2024_03_08	x	512.416	196.543	405.37	686.146	2024-03-04
0	AAPL_20240305	AAPL	170.76	164.166	1707.6	0	1.692	2024-03-05		open	-	0	0.0	start 2024_03_08	x	498.254	191.111	394.167	667.183	2024-03-05
0	AAPL_20240306	AAPL	171.06	163.201	1710.6	0	1.692	2024-03-06		open	-	0	0.0	start 2024_03_08	x	496.473	190.428	392.758	664.798	2024-03-06
0	AAPL_20240307	AAPL	169.15	163.085	1691.5	0	1.692	2024-03-07		open	-	0	0.0	start 2024_03_08	x	494.48	189.664	391.181	662.129	2024-03-07
0	AAPL_20240304	AAPL	176.15	168.972	1761.5	0	1.692	2024-03-04		open	-	0	0.0	start 2024_03_08	x	512.416	196.543	405.37	686.146	2024-03-04
0	AAPL_20240305	AAPL	170.76	164.166	1707.6	0	1.692	2024-03-05		open	-	0	0.0	start 2024_03_08	x	498.254	191.111	394.167	667.183	2024-03-05
0	AAPL_20240306	AAPL	171.06	163.201	1710.6	0	1.692	2024-03-06		open	-	0	0.0	start 2024_03_08	x	496.473	190.428	392.758	664.798	2024-03-06
0	AAPL_20240307	AAPL	169.15	163.085	1691.5	0	1.692	2024-03-07		open	-	0	0.0	start 2024_03_08	x	494.48	189.664	391.181	662.129	2024-03-07
0	AAPL_20240304	AAPL	176.15	168.972	1761.5	0	1.692	2024-03-04		open	-	0	0.0	start 2024_03_08	x	512.416	196.543	405.37	686.146	2024-03-04
0	AAPL_20240305	AAPL	170.76	164.166	1707.6	0	1.692	2024-03-05		open	-	0	0.0	start 2024_03_08	x	498.254	191.111	394.167	667.183	2024-03-05
0	AAPL_20240306	AAPL	171.06	163.201	1710.6	0	1.692	2024-03-06		open	-	0	0.0	start 2024_03_08	x	496.473	190.428	392.758	664.798	2024-03-06
0	AAPL_20240307	AAPL	169.15	163.085	1691.5	0	1.692	2024-03-07		open	-	0	0.0	start 2024_03_08	x	494.48	189.664	391.181	662.129	2024-03-07
0	AAPL_20240304	AAPL	176.15	168.972	1761.5	0	1.692	2024-03-04		open	-	0	0.0	start 2024_03_08	x	512.416	196.543	405.37	686.146	2024-03-04
0	AAPL_20240305	AAPL	170.76	164.166	1707.6	0	1.692	2024-03-05		open	-	0	0.0	start 2024_03_08	x	498.254	191.111	394.167	667.183	2024-03-05
0	AAPL_20240306	AAPL	171.06	163.201	1710.6	0	1.692	2024-03-06		open	-	0	0.0	start 2024_03_08	x	496.473	190.428	392.758	664.798	2024-03-06
0	AAPL_20240307	AAPL	169.15	163.085	1691.5	0	1.692	2024-03-07		open	-	0	0.0	start 2024_03_08	x	494.48	189.664	391.181	662.129	2024-03-07
0	AAPL_20240304	AAPL	176.15	168.972	1761.5	0	1.692	2024-03-04		open	-	0	0.0	start 2024_03_08	x	512.416	196.543	405.37	686.146	2024-03-04
0	AAPL_20240305	AAPL	170.76	164.166	1707.6	0	1.692	2024-03-05		open	-	0	0.0	start 2024_03_08	x	498.254	191.111	394.167	667.183	2024-03-05
0	AAPL_20240306	AAPL	171.06	163.201	1710.6	0	1.692	2024-03-06		open	-	0	0.0	start 2024_03_08	x	496.473	190.428	392.758	664.798	2024-03-06
0	AAPL_20240307	AAPL	169.15	163.085	1691.5	0	1.692	2024-03-07		open	-	0	0.0	start 2024_03_08	x	494.48	189.664	391.181	662.129	2024-03-07
0	AAPL_20240304	AAPL	176.15	168.972	1761.5	0	1.692	2024-03-04		open	-	0	0.0	start 2024_03_08	x	512.416	196.543	405.37	686.146	2024-03-04
0	AAPL_20240305	AAPL	170.76	164.166	1707.6	0	1.692	2024-03-05		open	-	0	0.0	start 2024_03_08	x	498.254	191.111	394.167	667.183	2024-03-05
0	AAPL_20240306	AAPL	171.06	163.201	1710.6	0	1.692	2024-03-06		open	-	0	0.0	start 2024_03_08	x	496.473	190.428	392.758	664.798	2024-03-06
0	AAPL_20240307	AAPL	169.15	163.085	1691.5	0	1.692	2024-03-07		open	-	0	0.0	start 2024_03_08	x	494.48	189.664	391.181	662.129	2024-03-07
0	AAPL_20240304	AAPL	176.15	168.972	1761.5	0	1.692	2024-03-04		open	-	0	0.0	start 2024_03_08	x	512.416	196.543	405.37	686.146	2024-03-04
0	AAPL_20240305	AAPL	170.76	164.166	1707.6	0	1.692	2024-03-05		open	-	0	0.0	start 2024_03_08	x	498.254	191.111	394.167	667.183	2024-03-05
0	AAPL_20240306	AAPL	171.06	163.201	1710.6	0	1.692	2024-03-06		open	-	0	0.0	start 2024_03_08	x	496.473	190.428	392.758	664.798	2024-03-06
0	AAPL_20240307	AAPL	169.15	163.085	1691.5	0	1.692	2024-03-07		open	-	0	0.0	start 2024_03_08	x	494.48	189.664	391.181	662.129	2024-03-07
0	AAPL_20240304	AAPL	176.15	168.972	1761.5	0	1.692	2024-03-04		open	-	0	0.0	start 2024_03_08	x	512.416	196.543	405.37	686.146	2024-03-04
0	AAPL_20240305	AAPL	170.76	164.166	1707.6	0	1.692	2024-03-05		open	-	0	0.0	start 2024_03_08	x	498.254	191.111	394.167	667.183	2024-03-05
0	AAPL_20240306	AAPL	171.06	163.201	1710.6	0	1.692	2024-03-06		open	-	0	0.0	start 2024_03_08	x	496.473	190.428	392.758	664.798	2024-03-06
0	AAPL_20240307	AAPL	169.15	163.085	1691.5	0	1.692	2024-03-07		open	-	0	0.0	start 2024_03_08	x	494.48	189.664	391.181	662.129	2024-03-07
0	AAPL_20240304	AAPL	176.15	168.972	1761.5	0	1.692	2024-03-04		open	-	0	0.0	start 2024_03_08	x	512.416	196.543	405.37	686.146	2024-03-04
0	AAPL_20240305	AAPL	170.76	164.166	1707.6	0	1.692	2024-03-05		open	-	0	0.0	start 2024_03_08	x	498.254	191.111	394.167	667.183	2024-03-05
0	AAPL_20240306	AAPL	171.06	163.201	1710.6	0	1.692	2024-03-06		open	-	0	0.0	start 2024_03_08	x	496.473	190.428	392.758	664.798	2024-03-06
0	AAPL_20240307	AAPL	169.15	163.085	1691.5	0	1.692	2024-03-07		open	-	0	0.0	start 2024_03_08	x	494.48	189.664	391.181	662.129	2024-03-07
0	AAPL_20240304	AAPL	176.15	168.972	1761.5	0	1.692	2024-03-04		open	-	0	0.0	start 2024_03_08	x	512.416	196.543	405.37	686.146	2024-03-04
0	AAPL_20240305	AAPL	170.76	164.166	1707.6	0	1.692	2024-03-05		open	-	0	0.0	start 2024_03_08	x	498.254	191.111	394.167	667.183	2024-03-05
0	AAPL_20240306	AAPL	171.06	163.201	1710.6	0	1.692	2024-03-06		open	-	0	0.0	start 2024_03_08	x	496.473	190.428	392.758	664.798	2024-03-06
0	AAPL_20240307	AAPL	169.15	163.085	1691.5	0	1.692	2024-03-07		open	-	0	0.0	start 2024_03_08	x	494.48	189.664	391.181	662.129	2024-03-07
0	AAPL_20240304	AAPL	176.15	168.972	1761.5	0	1.692	2024-03-04		open	-	0	0.0	start 2024_03_08	x	512.416	196.543	405.37	686.146	2024-03-04
0	AAPL_20240305	AAPL	170.76	164.166	1707.6	0	1.692	2024-03-05		open	-	0	0.0	start 2024_03_08	x	498.254	191.111	394.167	667.183	2024-03-05
0	AAPL_20240306	AAPL	171.06	163.201	1710.6	0	1.692	2024-03-06		open	-	0	0.0	start 2024_03_08	x	496.473	190.428	392.758	664.798	2024-03-06
0	AAPL_20240307	AAPL	169.15	163.085	1691.5	0	1.692	2024-03-07		open	-	0	0.0	start 2024_03_08	x	494.48	189.664	391.181	662.129	2024-03-07
0	AAPL_20240308	AAPL	169.15	163.751	1691.5	0	1.692	2024-03-08		open	-	0	0.0	start 2024_03_08	x	494.677	189.739	391.337	662.393	2024-03-08
0	AAPL_20240304	AAPL	176.15	168.972	1761.5	0	1.692	2024-03-04		open	-	0	0.0	start 2024_03_08	x	512.416	196.543	405.37	686.146	2024-03-04
0	AAPL_20240305	AAPL	170.76	164.166	1707.6	0	1.692	2024-03-05		open	-	0	0.0	start 2024_03_08	x	498.254	191.111	394.167	667.183	2024-03-05
0	AAPL_20240306	AAPL	171.06	163.201	1710.6	0	1.692	2024-03-06		open	-	0	0.0	start 2024_03_08	x	496.473	190.428	392.758	664.798	2024-03-06
0	AAPL_20240307	AAPL	169.15	163.085	1691.5	0	1.692	2024-03-07		open	-	0	0.0	start 2024_03_08	x	494.48	189.664	391.181	662.129	2024-03-07
0	AAPL_20240304	AAPL	176.15	168.972	1761.5	0	1.692	2024-03-04		open	-	0	0.0	start 2024_03_08	x	512.416	196.543	405.37	686.146	2024-03-04
0	AAPL_20240305	AAPL	170.76	164.166	1707.6	0	1.692	2024-03-05		open	-	0	0.0	start 2024_03_08	x	498.254	191.111	394.167	667.183	2024-03-05
0	AAPL_20240306	AAPL	171.06	163.201	1710.6	0	1.692	2024-03-06		open	-	0	0.0	start 2024_03_08	x	496.473	190.428	392.758	664.798	2024-03-06
0	AAPL_20240307	AAPL	169.15	163.085	1691.5	0	1.692	2024-03-07		open	-	0	0.0	start 2024_03_08	x	494.48	189.664	391.181	662.129	2024-03-07
0	AAPL_20240308	AAPL	169.0	165.179	1690.0	0	1.692	2024-03-08		open	-	0	0.0	start 2024_03_08	x	496.619	190.484	392.873	664.993	2024-03-08
0	AAPL_20240304	AAPL	176.15	168.972	1761.5	0	1.692	2024-03-04		open	-	0	0.0	start 2024_03_08	x	512.416	196.543	405.37	686.146	2024-03-04
0	AAPL_20240305	AAPL	170.76	164.166	1707.6	0	1.692	2024-03-05		open	-	0	0.0	start 2024_03_08	x	498.254	191.111	394.167	667.183	2024-03-05
0	AAPL_20240306	AAPL	171.06	163.201	1710.6	0	1.692	2024-03-06		open	-	0	0.0	start 2024_03_08	x	496.473	190.428	392.758	664.798	2024-03-06
0	AAPL_20240307	AAPL	169.15	163.085	1691.5	0	1.692	2024-03-07		open	-	0	0.0	start 2024_03_08	x	494.48	189.664	391.181	662.129	2024-03-07
0	AAPL_20240308	AAPL	169.0	165.083	1690.0	0	1.692	2024-03-08		open	-	0	0.0	start 2024_03_08	x	496.86	190.576	393.064	665.316	2024-03-08
0	AAPL_20240304	AAPL	176.15	168.972	1761.5	0	1.692	2024-03-04		open	-	0	0.0	start 2024_03_08	x	512.416	196.543	405.37	686.146	2024-03-04
0	AAPL_20240305	AAPL	170.76	164.166	1707.6	0	1.692	2024-03-05		open	-	0	0.0	start 2024_03_08	x	498.254	191.111	394.167	667.183	2024-03-05
0	AAPL_20240306	AAPL	171.06	163.201	1710.6	0	1.692	2024-03-06		open	-	0	0.0	start 2024_03_08	x	496.473	190.428	392.758	664.798	2024-03-06
0	AAPL_20240307	AAPL	169.15	163.085	1691.5	0	1.692	2024-03-07		open	-	0	0.0	start 2024_03_08	x	494.48	189.664	391.181	662.129	2024-03-07
0	AAPL_20240308	AAPL	169.0	165.314	1690.0	0	1.692	2024-03-08		open	-	0	0.0	start 2024_03_08	x	497.035	190.644	393.202	665.55	2024-03-08
0	AAPL_20240304	AAPL	176.15	168.972	1761.5	0	1.692	2024-03-04		open	-	0	0.0	start 2024_03_08	x	512.416	196.543	405.37	686.146	2024-03-04
0	AAPL_20240305	AAPL	170.76	164.166	1707.6	0	1.692	2024-03-05		open	-	0	0.0	start 2024_03_08	x	498.254	191.111	394.167	667.183	2024-03-05
0	AAPL_20240306	AAPL	171.06	163.201	1710.6	0	1.692	2024-03-06		open	-	0	0.0	start 2024_03_08	x	496.473	190.428	392.758	664.798	2024-03-06
0	AAPL_20240307	AAPL	169.15	163.085	1691.5	0	1.692	2024-03-07		open	-	0	0.0	start 2024_03_08	x	494.48	189.664	391.181	662.129	2024-03-07
0	AAPL_20240308	AAPL	169.0	165.806	1690.0	0	1.692	2024-03-08		open	-	0	0.0	start 2024_03_08	x	497.575	190.851	393.63	666.274	2024-03-08
0	AAPL_20240304	AAPL	176.15	168.972	1761.5	0	1.692	2024-03-04		open	-	0	0.0	start 2024_03_08	x	512.416	196.543	405.37	686.146	2024-03-04
0	AAPL_20240305	AAPL	170.76	164.166	1707.6	0	1.692	2024-03-05		open	-	0	0.0	start 2024_03_08	x	498.254	191.111	394.167	667.183	2024-03-05
0	AAPL_20240306	AAPL	171.06	163.201	1710.6	0	1.692	2024-03-06		open	-	0	0.0	start 2024_03_08	x	496.473	190.428	392.758	664.798	2024-03-06
0	AAPL_20240307	AAPL	169.15	163.085	1691.5	0	1.692	2024-03-07		open	-	0	0.0	start 2024_03_08	x	494.48	189.664	391.181	662.129	2024-03-07
0	AAPL_20240308	AAPL	169.0	165.227	1690.0	0	1.692	2024-03-08		open	-	0	0.0	start 2024_03_08	x	497.174	190.697	393.312	665.736	2024-03-08
0	AAPL_20240304	AAPL	176.15	168.972	1761.5	0	1.692	2024-03-04		open	-	0	0.0	start 2024_03_08	x	512.416	196.543	405.37	686.146	2024-03-04
0	AAPL_20240305	AAPL	170.76	164.166	1707.6	0	1.692	2024-03-05		open	-	0	0.0	start 2024_03_08	x	498.254	191.111	394.167	667.183	2024-03-05
0	AAPL_20240306	AAPL	171.06	163.201	1710.6	0	1.692	2024-03-06		open	-	0	0.0	start 2024_03_08	x	496.473	190.428	392.758	664.798	2024-03-06
0	AAPL_20240307	AAPL	169.15	163.085	1691.5	0	1.692	2024-03-07		open	-	0	0.0	start 2024_03_08	x	494.48	189.664	391.181	662.129	2024-03-07
0	AAPL_20240308	AAPL	169.0	165.15	1690.0	0	1.692	2024-03-08		open	-	0	0.0	start 2024_03_08	x	497.115	190.674	393.266	665.658	2024-03-08
0	AAPL_20240304	AAPL	176.15	168.972	1761.5	0	1.692	2024-03-04		open	-	0	0.0	start 2024_03_08	x	512.416	196.543	405.37	686.146	2024-03-04
0	AAPL_20240305	AAPL	170.76	164.166	1707.6	0	1.692	2024-03-05		open	-	0	0.0	start 2024_03_08	x	498.254	191.111	394.167	667.183	2024-03-05
0	AAPL_20240306	AAPL	171.06	163.201	1710.6	0	1.692	2024-03-06		open	-	0	0.0	start 2024_03_08	x	496.473	190.428	392.758	664.798	2024-03-06
0	AAPL_20240307	AAPL	169.15	163.085	1691.5	0	1.692	2024-03-07		open	-	0	0.0	start 2024_03_08	x	494.48	189.664	391.181	662.129	2024-03-07
0	AAPL_20240308	AAPL	169.0	165.864	1690.0	0	1.692	2024-03-08		open	-	0	0.0	start 2024_03_08	x	498.079	191.044	394.028	666.948	2024-03-08
0	AAPL_20240304	AAPL	176.15	168.972	1761.5	0	1.692	2024-03-04		open	-	0	0.0	start 2024_03_09	x	512.416	196.543	405.37	686.146	2024-03-04
0	AAPL_20240305	AAPL	170.76	164.166	1707.6	0	1.692	2024-03-05		open	-	0	0.0	start 2024_03_09	x	498.254	191.111	394.167	667.183	2024-03-05
0	AAPL_20240306	AAPL	171.06	163.201	1710.6	0	1.692	2024-03-06		open	-	0	0.0	start 2024_03_09	x	496.473	190.428	392.758	664.798	2024-03-06
0	AAPL_20240307	AAPL	169.15	163.085	1691.5	0	1.692	2024-03-07		open	-	0	0.0	start 2024_03_09	x	494.48	189.664	391.181	662.129	2024-03-07
0	AAPL_20240308	AAPL	169.0	164.754	1690.0	0	1.692	2024-03-08		open	-	0	0.0	start 2024_03_09	x	498.13	191.064	394.069	667.017	2024-03-08
0	AAPL_20240304	AAPL	176.15	168.972	1761.5	0	1.692	2024-03-04		open	-	0	0.0	start 2024_03_09	x	512.416	196.543	405.37	686.146	2024-03-04
0	AAPL_20240305	AAPL	170.76	164.166	1707.6	0	1.692	2024-03-05		open	-	0	0.0	start 2024_03_09	x	498.254	191.111	394.167	667.183	2024-03-05
0	AAPL_20240306	AAPL	171.06	163.201	1710.6	0	1.692	2024-03-06		open	-	0	0.0	start 2024_03_09	x	496.473	190.428	392.758	664.798	2024-03-06
0	AAPL_20240307	AAPL	169.15	163.085	1691.5	0	1.692	2024-03-07		open	-	0	0.0	start 2024_03_09	x	494.48	189.664	391.181	662.129	2024-03-07
0	AAPL_20240308	AAPL	169.0	164.754	1690.0	0	1.692	2024-03-08		open	-	0	0.0	start 2024_03_09	x	498.13	191.064	394.069	667.017	2024-03-08
0	AAPL_20240304	AAPL	176.15	168.972	1761.5	0	1.692	2024-03-04		open	-	0	0.0	start 2024_03_09	x	512.416	196.543	405.37	686.146	2024-03-04
0	AAPL_20240305	AAPL	170.76	164.166	1707.6	0	1.692	2024-03-05		open	-	0	0.0	start 2024_03_09	x	498.254	191.111	394.167	667.183	2024-03-05
0	AAPL_20240306	AAPL	171.06	163.201	1710.6	0	1.692	2024-03-06		open	-	0	0.0	start 2024_03_09	x	496.473	190.428	392.758	664.798	2024-03-06
0	AAPL_20240307	AAPL	169.15	163.085	1691.5	0	1.692	2024-03-07		open	-	0	0.0	start 2024_03_09	x	494.48	189.664	391.181	662.129	2024-03-07
0	AAPL_20240308	AAPL	169.0	164.754	1690.0	0	1.692	2024-03-08		open	-	0	0.0	start 2024_03_09	x	498.13	191.064	394.069	667.017	2024-03-08
0	AAPL_20240304	AAPL	176.15	168.972	1761.5	0	1.692	2024-03-04		open	-	0	0.0	start 2024_03_09	x	512.416	196.543	405.37	686.146	2024-03-04
0	AAPL_20240305	AAPL	170.76	164.166	1707.6	0	1.692	2024-03-05		open	-	0	0.0	start 2024_03_09	x	498.254	191.111	394.167	667.183	2024-03-05
0	AAPL_20240306	AAPL	171.06	163.201	1710.6	0	1.692	2024-03-06		open	-	0	0.0	start 2024_03_09	x	496.473	190.428	392.758	664.798	2024-03-06
0	AAPL_20240307	AAPL	169.15	163.085	1691.5	0	1.692	2024-03-07		open	-	0	0.0	start 2024_03_09	x	494.48	189.664	391.181	662.129	2024-03-07
0	AAPL_20240308	AAPL	169.0	164.754	1690.0	0	1.692	2024-03-08		open	-	0	0.0	start 2024_03_09	x	498.13	191.064	394.069	667.017	2024-03-08
0	AAPL_20240304	AAPL	176.15	168.972	1761.5	0	1.692	2024-03-04		open	-	0	0.0	start 2024_03_11	x	512.416	196.543	405.37	686.146	2024-03-04
0	AAPL_20240305	AAPL	170.76	164.166	1707.6	0	1.692	2024-03-05		open	-	0	0.0	start 2024_03_11	x	498.254	191.111	394.167	667.183	2024-03-05
0	AAPL_20240306	AAPL	171.06	163.201	1710.6	0	1.692	2024-03-06		open	-	0	0.0	start 2024_03_11	x	496.473	190.428	392.758	664.798	2024-03-06
0	AAPL_20240307	AAPL	169.15	163.085	1691.5	0	1.692	2024-03-07		open	-	0	0.0	start 2024_03_11	x	494.48	189.664	391.181	662.129	2024-03-07
0	AAPL_20240308	AAPL	169.0	164.754	1690.0	0	1.692	2024-03-08		open	-	0	0.0	start 2024_03_11	x	498.13	191.064	394.069	667.017	2024-03-08
0	AAPL_20240304	AAPL	176.15	164.754	686.146	0	1.692	2024-03-04		open	-	0	0.0	1 curStage sl or tp3 update tp: 686.146 2024_03_11	x	512.416	196.543	405.37	686.146	2024-03-11
0	AAPL_20240305	AAPL	170.76	170.635	667.183	0	1.692	2024-03-05		open	-	0	0.0	2 breakeven or tp3 update sp: 170.635 tp: 667.183 2024_03_11	x	498.254	191.111	394.167	667.183	2024-03-11
0	AAPL_20240306	AAPL	171.06	170.025	664.798	0	1.692	2024-03-06		open	-	0	0.0	2 breakeven or tp3 update sp: 170.025 tp: 664.798 2024_03_11	x	496.473	190.428	392.758	664.798	2024-03-11
0	AAPL_20240307	AAPL	169.15	169.342	662.129	0	1.692	2024-03-07		open	-	0	0.0	2 breakeven or tp3 update sp: 169.343 tp: 662.129 2024_03_11	x	494.48	189.664	391.181	662.129	2024-03-11
0	AAPL_20240308	AAPL	169.0	170.592	667.017	0	1.692	2024-03-08		open	-	0	0.0	2 breakeven or tp3 update sp: 170.593 tp: 667.017 2024_03_11	x	498.13	191.064	394.069	667.017	2024-03-11
0	AAPL_20240304	AAPL	176.15	168.972	1761.5	0	1.692	2024-03-04		open	-	0	0.0	start 2024_03_11	x	512.416	196.543	405.37	686.146	2024-03-04
0	AAPL_20240305	AAPL	170.76	164.166	1707.6	0	1.692	2024-03-05		open	-	0	0.0	start 2024_03_11	x	498.254	191.111	394.167	667.183	2024-03-05
0	AAPL_20240306	AAPL	171.06	163.201	1710.6	0	1.692	2024-03-06		open	-	0	0.0	start 2024_03_11	x	496.473	190.428	392.758	664.798	2024-03-06
0	AAPL_20240307	AAPL	169.15	163.085	1691.5	0	1.692	2024-03-07		open	-	0	0.0	start 2024_03_11	x	494.48	189.664	391.181	662.129	2024-03-07
0	AAPL_20240308	AAPL	169.0	164.754	1690.0	0	1.692	2024-03-08		open	-	0	0.0	start 2024_03_11	x	498.13	191.064	394.069	667.017	2024-03-08
0	AAPL_20240304	AAPL	176.15	164.754	686.146	0	1.692	2024-03-04		open	-	0	0.0	1 curStage sl or tp3 update tp: 686.146 2024_03_11	x	512.416	196.543	405.37	686.146	2024-03-11
0	AAPL_20240305	AAPL	170.76	170.635	667.183	0	1.692	2024-03-05		open	-	0	0.0	2 breakeven or tp3 update sp: 170.635 tp: 667.183 2024_03_11	x	498.254	191.111	394.167	667.183	2024-03-11
0	AAPL_20240306	AAPL	171.06	170.025	664.798	0	1.692	2024-03-06		open	-	0	0.0	2 breakeven or tp3 update sp: 170.025 tp: 664.798 2024_03_11	x	496.473	190.428	392.758	664.798	2024-03-11
0	AAPL_20240307	AAPL	169.15	169.342	662.129	0	1.692	2024-03-07		open	-	0	0.0	2 breakeven or tp3 update sp: 169.343 tp: 662.129 2024_03_11	x	494.48	189.664	391.181	662.129	2024-03-11
0	AAPL_20240308	AAPL	169.0	170.592	667.017	0	1.692	2024-03-08		open	-	0	0.0	2 breakeven or tp3 update sp: 170.593 tp: 667.017 2024_03_11	x	498.13	191.064	394.069	667.017	2024-03-11
0	AAPL_20240304	AAPL	176.15	168.972	1761.5	0	1.692	2024-03-04		open	-	0	0.0	start 2024_03_11	x	512.416	196.543	405.37	686.146	2024-03-04
0	AAPL_20240305	AAPL	170.76	164.166	1707.6	0	1.692	2024-03-05		open	-	0	0.0	start 2024_03_11	x	498.254	191.111	394.167	667.183	2024-03-05
0	AAPL_20240306	AAPL	171.06	163.201	1710.6	0	1.692	2024-03-06		open	-	0	0.0	start 2024_03_11	x	496.473	190.428	392.758	664.798	2024-03-06
0	AAPL_20240307	AAPL	169.15	163.085	1691.5	0	1.692	2024-03-07		open	-	0	0.0	start 2024_03_11	x	494.48	189.664	391.181	662.129	2024-03-07
0	AAPL_20240308	AAPL	169.0	164.754	1690.0	0	1.692	2024-03-08		open	-	0	0.0	start 2024_03_11	x	498.13	191.064	394.069	667.017	2024-03-08
0	AAPL_20240304	AAPL	176.15	164.754	686.146	0	1.692	2024-03-04		open	-	0	0.0	1 curStage sl or tp3 update tp: 686.146 2024_03_11	x	512.416	196.543	405.37	686.146	2024-03-11
0	AAPL_20240305	AAPL	170.76	170.635	667.183	0	1.692	2024-03-05		open	-	0	0.0	2 breakeven or tp3 update sp: 170.635 tp: 667.183 2024_03_11	x	498.254	191.111	394.167	667.183	2024-03-11
0	AAPL_20240306	AAPL	171.06	170.025	664.798	0	1.692	2024-03-06		open	-	0	0.0	2 breakeven or tp3 update sp: 170.025 tp: 664.798 2024_03_11	x	496.473	190.428	392.758	664.798	2024-03-11
0	AAPL_20240307	AAPL	169.15	169.342	662.129	0	1.692	2024-03-07		open	-	0	0.0	2 breakeven or tp3 update sp: 169.343 tp: 662.129 2024_03_11	x	494.48	189.664	391.181	662.129	2024-03-11
0	AAPL_20240308	AAPL	169.0	170.592	667.017	0	1.692	2024-03-08		open	-	0	0.0	2 breakeven or tp3 update sp: 170.593 tp: 667.017 2024_03_11	x	498.13	191.064	394.069	667.017	2024-03-11
